Name,IncomeGroup,Region
SW. SUMATRA,,
"COLOMBIA; SAN CRISTOBAL, VENEZUELA",,
"YATSUSHIRO, JAPAN",,
Nicaragua,,
Indonesia,,
PANAMA-COSTA RICA,,
WASHINGTON,,
CALIFORNIA,,
MADAGASCAR,,
St. Vincent & the Grenadines,,
TRINIDAD & ST. CHRISTOPHER,,
NEW HAMPSHIRE; MAINE,,
EGYPT,,
THE NETHERLANDS,,
PORTUGAL; MOROCCO,,
LIBYA,,
GREECE-TURKEY,,
RWANDA,,
EL SALVADOR; GUATEMALA; NICARAGUA,,
UK TERRITORY,,
MARTINIQUE & BARBADOS,,
"W. KYUSHU ISLAND, JAPAN",,
"Congo, DRC",,
"W. LUZON ISLAND, PHILIPPINES",,
PAKISTAN-NW AFGHANISTAN,,
ARMENIA-AZERBAIJAN-IRAN,,
SE. NEW ZEALAND,,
PANAMA-COLOMBIA,,
Ecuador,,
CANADA; MAINE,,
Eritrea,,
Saudi Arabia,,
"MICRONESIA, FED. STATES OF",,
OKLAHOMA,,
NEPAL-INDIA,,
AFGHANISTAN,,
TURKEY; SYRIA,,
GUAM; NORTHERN MARIANA ISLANDS,,
"OFF COAST SW AVALON PENINSULA, NEWFOUNDLAND",,
HAITI,,
"E. SPORADES ISLANDS, AEGEAN ISLANDS",,
NORTH ATLANTIC RIDGE,,
MONGOLIA,,
CASCADIA SUBDUCTION ZONE,,
COLOMBIA-ECUADOR,,
ETHIOPIA,,
NORTH CAROLINA,,
LAOS,,
SYRIA;  ISRAEL; ASIA,,
ARGENTINA,,
SOUTH CAROLINA; GEORGIA; PENNSYLVANIA,,
ANTIGUA AND BARBUDA,,
SYRIAN COASTS,,
GREECE,,
NETHERLANDS,,
NEPAL; INDIA,,
"KASHIMA, JAPAN",,
ENSHUNADA,,
ALASKA PENINSULA,,
SWITZERLAND,,
MEXICO-GUATEMALA,,
S. MEXICO,,
EAST PACIFIC RIDGE,,
New Zealand,,
TOGO,,
GREECE-BULGARIA BORDER REGION,,
PAPUA NEW GUINEA,,
VANUATU ISLANDS,,
BOLIVIA,,
JORDAN,,
"SEIKAIDO, JAPAN",,
BURUNDI,,
COLORADO,,
TOBAGO,,
SOUTH CAROLINA,,
BERING SEA,,
SRI LANKA,,
COLOMBIA,,
LEBANON-SYRIA,,
UTAH,,
AFGHANISTAN-TAJIKISTAN,,
TAIWAN REGION,,
Portugal,,
Cameroon,,
KIRIBATI,,
St. Kitts & Nevis,,
SWEDEN,,
NICARAGUA,,
NEW CALEDONIA,,
BANGLADESH,,
PORTUGAL,,
Reunion,,
SLOVENIA,,
Montserrat,,
AFGHANISTAN; PAKISTAN,,
UZBEKISTAN,,
BALKANS,,
China,,
URUGUAY,,
BHUTAN,,
FIJI,,
IRAN-IRAQ,,
SOUTH AFRICA,,
"SE. HOKKAIDO ISLAND, JAPAN",,
"E. HOKKAIDO ISLAND, JAPAN",,
MONTSERRAT,,
ECUADOR,,
FRENCH POLYNESIA,,
Taiwan,,
MYANMAR (BURMA),,
ARMENIA,,
HONDURAS-GUATEMALA-EL SALVADOR,,
SIERRA LEONE,,
ARKANSAS,,
CYPRUS,,
Guadeloupe,,
WASHINGTON-OREGON BORDER,,
Antarctica,,
Colombia,,
"E. AWA, TOKUSHIMA PREFECTURE",,
ALBANIA,,
CHILE-ARGENTINA,,
"NOSHIRO, JAPAN",,
NEW ZEALAND,,
FIJI ISLANDS,,
"BARBADOS, SAINT VINCENT, DOMINICA, ANTIGUA",,
CALIFORNIA; MEXICO,,
"NW. HOKKAIDO ISLAND, JAPAN",,
INDIA-BANGLADESH BORDER,,
"MINDANAO ISLAND, PHILIPPINES",,
"E. LUZON ISLAND, PHILIPPINES",,
SOLOMON ISLANDS; NEW CALEDONIA,,
INDONESIA; MALAYSIA,,
"GUAM, NORTHERN MARIANA ISLANDS",,
JAVA-S. JAVA SEA,,
Chile,,
SHINANO,,
BALTIC SEA,,
INDIA,,
TUNISIA,,
FRANCE,,
BALKANS NW,,
MARTINIQUE,,
SAINT LUCIA,,
MYANMAR; INDIA,,
MEXICO; GUATEMALA,,
SAINT VINCENT,,
DOMINICAN REPUBLIC,,
SYRIA,,
CUBA,,
BRAZIL; FRENCH GUIANA; SURINAME; GUYANA,,
COMOROS,,
SEA OF JAPAN,,
ARMENIA; AZERBAIJAN,,
Netherlands,,
CAYMAN IS; HONDURAS,,
RUSSIA,,
DEAD SEA,,
TEXAS,,
"HONSHU ISLAND, JAPAN",,
ALABAMA,,
MALAWI,,
KOORI,,
TONGA,,
PHILIPPINES,,
ERITREA,,
Peru,,
VIRGIN ISLANDS,,
ANTIGUA AND BARBUDA; ST KITTS,,
SOUTH KOREA,,
NEW YORK,,
PAKISTAN; INDIA,,
LEBANON,,
IRAN; PAKISTAN,,
PERU-ECUADOR,,
LAOS;  VIETNAM,,
North Korea,,
PAKISTAN,,
CANARY ISLANDS,,
TIMOR SEA,,
NORTH CORINTH GULF,,
EL SALVADOR,,
EL SALVADOR; GUATEMALA,,
COOK ISLANDS,,
"IBARAKI, JAPAN",,
EAST MEDITERRANEAN SEA,,
IRAQ,,
"BOSO, JAPAN",,
GREENLAND,,
NEPAL; TIBET (XIZANG PROVINCE),,
Vietnam,,
SAMOA,,
CHINA,,
MACQUARIE ISLAND,,
PANAMA,,
SLOVAKIA,,
VIRGINIA,,
GUADELOUPE; ANTIGUA; ST KITTS,,
BRITISH COLUMBIA,,
SOUTH SUDAN,,
Russia,,
"CALIFORNIA, MEXICO",,
AZORES,,
ALGERIA,,
JAPAN,,
EAST CHINA SEA,,
ISRAEL,,
HUNGARY,,
SOLOMON ISLANDS,,
SAINT VINCENT AND THE GRENADINES,,
AUSTRALIA,,
VENEZUELA-N COLOMBIA,,
Turkey,,
"MIYAKOJIMA, JAPAN",,
HAWAIIAN ISLANDS,,
GREECE-BULGARIA,,
PERU-BRAZIL,,
"MARSHALL ISLANDS, REP. OF",,
Guatemala,,
VIETNAM,,
TURKEY,,
PENNSYLVANIA,,
FRENCH GUIANA,,
BARBADOS,,
Samoa,,
KENYA,,
TRINIDAD,,
ROMANIA; MOLDOVA,,
Tonga,,
INDIAN OCEAN,,
MYANMAR (BURMA);  INDIA,,
AUSTRIA,,
SYRIA; LEBANON,,
COSTA RICA-PANAMA,,
GULF OF MEXICO,,
W. SOLOMON SEA,,
Trinidad,,
FLORES SEA,,
CHILE,,
GUAM,,
BRITISH VIRGIN ISLANDS,,
Vanuatu,,
CAMEROON,,
MISSOURI,,
NORTHERN MARIANA ISLANDS,,
GISBORNE,,
N. NEW ZEALAND,,
NEVADA-CALIFORNIA BORDER,,
NORTH SEA,,
PACIFIC OCEAN,,
JAPAN TRENCH,,
SOUTH SANDWICH ISLANDS,,
KAZAKHSTAN,,
POLAND,,
TANZANIA,,
THAILAND,,
CANADA,,
MASSACHUSETTS;  NEW HAMPSHIRE,,
GERMANY,,
IRAN,,
"BOSTON AND SALEM, MASSACHUSETTS",,
MONTENEGRO,,
COSTA RICA-NICARAGUA,,
TASMAN SEA,,
PERU-BOLIVIA,,
UGANDA,,
"N. SANRIKU, JAPAN",,
HOLLAND,,
YEMEN,,
CONGO,,
Martinique,,
NORTH KOREA,,
N. MEXICO,,
TAJIKISTAN; AFGHANISTAN,,
IDAHO,,
WYOMING,,
TAIWAN,,
CANO ISLAND,,
TURKMENISTAN,,
GUADELOUPE (FRENCH TERRITORY),,
NORWAY,,
COTE D'IVOIRE,,
SPAIN,,
NEPAL,,
HAWAII,,
SUDAN,,
MYANMAR,,
IRISH SEA,,
SCOTIA SEA,,
AFGHANISTAN; INDIA,,
GREECE-ALBANIA,,
SOUTH COASTS OF ASIA MINOR,,
GEORGIA,,
MYNAMAR (BURMA),,
ICELAND,,
NEVADA,,
OREGON,,
YELLOW SEA,,
ANTIGUA ISLAND &  ST. CHRISTOPHER,,
BELGIUM,,
INDONESIA-MALAYSIA,,
PUERTO RICO,,
Costa Rica,,
GUADELOUPE,,
VIRGIN ISLANDS; PUERTO RICO,,
Philippines,,
SCOTLAND,,
Greece,,
MONTANA,,
INDIA-CHINA,,
MYANMAR (BURMA) COAST,,
Tanzania,,
Papua New Guinea,,
KENTUCKY,,
GRENADA,,
MARMARA SEA,,
IRAQ-SYRIA,,
ANTARCTICA,,
BOSNIA-HERZEGOVINA,,
NORTHWEST PACIFIC OCEAN,,
ALASKA,,
NEW HAMPSHIRE,,
AFGHANISTAN; TAJIKISTAN,,
"SAGAMI, JAPAN",,
Yemen,,
NAURU,,
PUERTO RICO;  DOMINICAN REPUBLIC,,
TONGA TRENCH,,
"TOKAIDO, JAPAN",,
BULGARIA,,
"IWATE, JAPAN",,
TRINIDAD AND TOBAGO,,
KERMADEC ISLANDS,,
CZECH REPUBLIC,,
GUATEMALA,,
ATLANTIC OCEAN,,
TRINIDAD; GRENADA,,
ITALY-BALKANS NW,,
JAMAICA,,
"SANRIKU, JAPAN",,
BOLIVIA-NORTHERN CHILE,,
S. JAVA SEA,,
ISRAEL; JORDAN,,
RUSSIA; MONGOLIA,,
DENMARK,,
TURKEY-CIS,,
MASSACHUSETTS,,
MALAYSIA,,
GABON,,
Japan,,
Mexico,,
INSTANBUL (CONSTANTINOPLE),,
Unknown,,
EL SALVADOR; HONDURAS,,
LAKE ERIE (GREAT LAKES),,
PERU-CHILE,,
WALLIS AND FUTUNA (FRENCH TERRITORY),,
UNITED KINGDOM,,
Ethiopia,,
BOLIVIA-PERU,,
NEW JERSEY,,
EL SALVADOR-GUATEMALA,,
MYANMAR (BURMA); THAILAND,,
MICHIGAN; OHIO; INDIANA,,
Iceland,,
KOREA,,
UKRAINE,,
Pacific Ocean,,
DJIBOUTI,,
"LHOKNGA, ACEH",,
"W. HOKKAIDO ISLAND, JAPAN",,
"SW. KYUSHU ISLAND, JAPAN",,
FUTUNA ISLAND,,
ANTIGUA; SAINT KITTS AND NEVIS,,
COLOMBIA-PANAMA,,
MOROCCO,,
AZERBAIJAN,,
"GREECE, TURKEY",,
Comoros,,
IRELAND,,
CENTRAL AFRICAN REPUBLIC,,
VENEZUELA,,
HONDURAS;  N GUATEMALA,,
El Salvador,,
SAUDI ARABIA,,
ZAMBIA,,
SPAIN; ALGERIA; MOROCCO,,
KYRGYZSTAN,,
"SURUGA, JAPAN",,
Canada,,
CONNECTICUT,,
"NEMURO, JAPAN",,
ITALY,,
BRAZIL,,
BALLENY ISLANDS,,
TURKEY; ARMENIA,,
TAJIKISTAN,,
OMAN,,
MARTINIQUE (FRENCH TERRITORY),,
VANUATU,,
"ANATAHAN REGION, N. MARIANA ISLANDS",,
ILLINOIS,,
SAMOA ISLANDS,,
INDONESIA,,
USA TERRITORY,,
PERU,,
GHANA,,
SEIKAIDO-NANKAIDO,,
Italy,,
TONGA ISLANDS,,
Cape Verde,,
Solomon Is.,,
MEXICO,,
UK,,
United States,,
SOUTH AFRICA; SWAZILAND,,
Spain,,
"NE. HOKKAIDO ISLAND, JAPAN",,
INDIA-BANGLADESH,,
COSTA RICA,,
ROMANIA,,
CROATIA,,
GUINEA,,
MOZAMBIQUE; ZIMBABWE,,
USA,,
CALIFORNIA-NEVADA,,
"SEIONAIKAI, JAPAN",,
"NW. HONSHU ISLAND, JAPAN",,
MOZAMBIQUE,,
HONDURAS,,
"TOYAMA PREF., JAPAN",,
